Provinsi,Januari,Februari,Maret,April,Mei,Juni,Juli,Agustus,September,Oktober,November,Desember,Tahunan,Kelompok
ACEH,"101,09","99,20","98,78","98,52","97,24","99,07","97,85","98,60","98,88","98,52","99,12","98,01","98,74",Petani
SUMATERA UTARA,"113,69","111,71","109,41","106,41","104,50","105,13","106,84","108,53","110,44","112,01","114,00","115,21","109,83",Petani
SUMATERA BARAT,"103,40","102,63","101,74","99,62","97,73","97,98","98,39","99,41","100,54","100,94","101,95","102,68","100,59",Petani
RIAU,"123,93","117,90","113,76","115,64","111,74","109,66","113,57","116,88","120,94","123,61","127,32","130,34","118,79",Petani
JAMBI,"110,47","107,07","104,85","102,16","98,55","101,15","103,57","106,89","110,28","112,68","115,75","117,83","107,62",Petani
SUMATERA SELATAN,"100,64","96,85","94,13","91,21","88,56","89,99","91,72","94,17","96,49","98,40","100,41","101,83","95,37",Petani
BENGKULU,"116,71","113,76","110,68","109,97","106,72","107,84","110,94","114,57","117,66","118,11","119,86","122,12","114,10",Petani
LAMPUNG,"97,92","96,83","95,40","93,00","91,51","91,83","92,99","94,26","95,63","94,74","95,85","96,75","94,73",Petani
KEP. BANGKA BELITUNG,"105,92","105,79","103,05","100,23","96,92","96,11","98,94","102,53","105,46","108,08","110,84","113,46","103,95",Petani
KEP. RIAU,"101,38","101,27","100,59","99,28","97,60","97,05","96,86","97,94","98,35","98,99","99,66","101,35","99,19",Petani
DKI JAKARTA,"101,17","100,40","100,22","99,97","99,25","98,30","100,14","99,25","99,58","98,67","98,32","99,28","99,55",Petani
JAWA BARAT,"104,47","104,48","104,13","102,04","100,44","100,00","100,08","99,52","99,98","100,94","100,73","100,19","101,41",Petani
JAWA TENGAH,"104,03","103,29","102,12","100,51","101,11","101,10","100,77","100,99","101,82","102,08","102,19","101,49","101,79",Petani
DI YOGYAKARTA,"103,16","103,19","101,91","100,69","100,82","100,30","101,44","101,01","100,33","100,71","100,24","99,71","101,12",Petani
JAWA TIMUR,"103,98","103,16","101,47","99,43","99,01","99,99","100,21","99,83","100,36","100,50","100,54","100,80","100,77",Petani
BANTEN,"105,14","105,49","106,01","103,61","101,45","99,69","100,32","101,20","101,97","100,82","100,82","100,74","102,27",Petani
BALI,"96,27","96,63","97,10","94,81","93,54","93,53","93,92","93,34","93,16","92,83","92,61","93,56","94,27",Petani
NUSA TENGGARA BARAT,"107,18","107,96","107,52","105,88","105,91","105,70","106,50","106,99","107,10","108,38","109,27","109,22","107,30",Petani
NUSA TENGGARA TIMUR,"96,25","96,03","95,51","95,59","95,23","96,19","96,16","95,74","95,66","96,28","96,28","96,24","95,93",Petani
KALIMANTAN BARAT,"109,31","109,21","107,24","103,74","104,81","102,37","104,15","106,86","109,52","112,23","114,97","117,01","108,46",Petani
KALIMANTAN TENGAH,"108,11","107,48","105,21","102,38","100,47","98,53","99,37","100,40","102,81","104,02","105,84","107,99","103,55",Petani
KALIMANTAN SELATAN,"102,61","101,99","101,10","98,64","98,39","98,44","98,87","99,64","100,91","102,31","103,53","105,37","100,98",Petani
KALIMANTAN TIMUR,"112,86","114,73","112,50","109,68","108,42","107,02","108,25","110,31","112,04","112,08","113,53","114,97","111,36",Petani
KALIMANTAN UTARA,"104,03","103,81","103,36","102,22","101,40","101,13","102,04","102,58","102,65","102,77","103,62","103,43","102,75",Petani
SULAWESI UTARA,"99,27","99,10","98,85","97,79","97,85","96,52","98,12","98,27","97,64","99,26","100,76","102,11","98,80",Petani
SULAWESI TENGAH,"96,92","97,43","96,72","95,64","95,94","94,01","93,29","93,59","94,59","94,94","94,38","95,91","95,27",Petani
SULAWESI SELATAN,"96,86","97,73","96,80","96,90","96,65","96,57","96,04","96,58","97,40","97,23","97,33","97,56","96,97",Petani
SULAWESI TENGGARA,"96,64","97,01","97,28","95,67","95,70","95,63","94,69","95,50","97,05","97,01","96,80","97,28","96,35",Petani
GORONTALO,"99,04","98,71","99,04","98,55","98,97","98,26","99,54","99,32","99,70","100,18","100,56","101,13","99,42",Petani
SULAWESI BARAT,"109,55","111,80","110,42","108,91","106,41","104,34","104,76","107,25","109,78","111,80","113,08","115,30","109,45",Petani
MALUKU,"99,01","98,38","97,62","96,57","95,68","96,52","96,34","95,17","95,21","96,13","97,04","97,68","96,77",Petani
MALUKU UTARA,"98,16","97,59","98,33","95,87","96,08","94,94","95,57","95,82","95,69","96,18","96,56","97,52","96,52",Petani
PAPUA BARAT,"101,78","101,79","100,69","100,80","100,45","100,97","100,75","100,74","100,14","99,86","100,30","101,08","100,78",Petani
PAPUA,"101,55","101,35","101,54","100,95","101,02","102,49","102,56","103,13","103,59","103,32","102,75","102,78","102,25",Petani
INDONESIA,"104,16","103,35","102,09","100,32","99,47","99,60","100,09","100,65","101,66","102,25","102,86","103,25","101,65",Petani
ACEH,"99,83","98,80","96,96","99,60","99,53","100,84","99,76","99,09","99,13","98,41","98,65","98,42","99,08",Petani Tanaman Pangan
SUMATERA UTARA,"98,23","98,10","96,95","96,44","96,92","97,56","96,95","96,90","96,87","96,61","96,38","94,98","96,90",Petani Tanaman Pangan
SUMATERA BARAT,"101,57","102,28","102,50","101,67","99,92","98,76","98,52","98,43","98,06","96,93","95,42","94,84","99,06",Petani Tanaman Pangan
RIAU,"95,16","94,81","92,34","93,47","92,84","93,05","94,13","93,61","93,68","93,64","93,15","92,94","93,57",Petani Tanaman Pangan
JAMBI,"101,27","101,22","101,47","101,80","100,49","99,91","99,92","100,63","100,62","100,08","99,73","98,68","100,48",Petani Tanaman Pangan
SUMATERA SELATAN,"103,32","102,27","101,73","99,79","98,04","98,03","97,65","97,54","98,02","96,41","94,06","92,52","98,27",Petani Tanaman Pangan
BENGKULU,"102,92","104,04","104,23","102,47","101,24","102,39","103,88","106,25","104,50","103,70","100,81","99,92","103,02",Petani Tanaman Pangan
LAMPUNG,"98,90","97,82","95,93","94,48","93,37","93,06","93,28","94,12","94,30","91,64","91,69","92,55","94,26",Petani Tanaman Pangan
KEP. BANGKA BELITUNG,"99,85","99,49","101,00","101,43","101,02","100,16","100,26","101,61","100,23","99,74","99,51","98,16","100,20",Petani Tanaman Pangan
KEP. RIAU,"102,96","100,71","101,84","103,72","102,49","101,19","102,38","101,11","101,75","103,45","103,89","104,54","102,50",Petani Tanaman Pangan
DKI JAKARTA,-,-,-,-,-,-,-,-,-,-,-,-,-,Petani Tanaman Pangan
JAWA BARAT,"106,48","106,75","106,69","104,19","102,20","101,54","101,39","101,43","102,54","103,12","102,22","100,95","103,28",Petani Tanaman Pangan
JAWA TENGAH,"108,00","107,06","104,61","102,50","102,81","102,65","102,07","102,78","104,24","104,17","103,57","102,72","103,93",Petani Tanaman Pangan
DI YOGYAKARTA,"104,75","105,07","102,95","102,16","102,86","101,23","101,89","102,22","101,84","101,36","99,96","98,26","102,04",Petani Tanaman Pangan
JAWA TIMUR,"106,77","105,45","102,57","100,48","100,28","101,35","101,09","101,95","103,44","103,40","102,68","102,48","102,66",Petani Tanaman Pangan
BANTEN,"106,70","106,96","107,84","104,55","101,76","99,49","100,13","101,60","102,77","101,28","101,19","100,74","102,91",Petani Tanaman Pangan
BALI,"100,50","100,96","102,06","99,87","98,86","97,95","98,77","99,73","99,41","100,00","98,57","97,87","99,54",Petani Tanaman Pangan
NUSA TENGGARA BARAT,"108,67","109,33","109,16","106,25","106,08","105,83","106,60","108,26","108,72","110,93","111,76","111,51","108,59",Petani Tanaman Pangan
NUSA TENGGARA TIMUR,"95,55","95,48","95,21","95,87","95,42","96,22","95,29","94,54","94,61","95,09","95,10","95,02","95,28",Petani Tanaman Pangan
KALIMANTAN BARAT,"100,33","97,83","95,90","96,21","96,82","97,26","95,63","96,22","96,42","96,83","96,88","96,67","96,91",Petani Tanaman Pangan
KALIMANTAN TENGAH,"100,85","99,99","97,82","98,71","98,33","97,67","98,61","99,15","100,14","99,83","98,76","99,15","99,08",Petani Tanaman Pangan
KALIMANTAN SELATAN,"102,60","102,31","101,82","99,85","101,57","102,68","101,79","100,79","101,51","101,87","102,10","103,24","101,85",Petani Tanaman Pangan
KALIMANTAN TIMUR,"103,43","104,36","103,12","102,81","102,69","101,61","100,98","101,35","101,00","100,14","99,36","98,37","101,60",Petani Tanaman Pangan
KALIMANTAN UTARA,"100,82","100,38","100,56","100,16","99,48","99,55","99,98","100,06","100,24","100,28","99,98","99,58","100,09",Petani Tanaman Pangan
SULAWESI UTARA,"103,11","103,87","104,59","104,20","105,04","104,76","105,50","105,32","104,41","105,72","105,59","105,72","104,82",Petani Tanaman Pangan
SULAWESI TENGAH,"95,11","95,43","97,09","99,14","98,99","97,48","97,84","98,51","98,76","97,91","97,19","97,45","97,58",Petani Tanaman Pangan
SULAWESI SELATAN,"95,15","95,90","95,23","96,70","96,00","96,18","95,76","95,69","96,38","96,40","96,27","95,85","95,96",Petani Tanaman Pangan
SULAWESI TENGGARA,"97,59","98,96","98,67","98,95","97,83","96,61","96,32","97,15","99,00","97,51","97,58","97,06","97,77",Petani Tanaman Pangan
GORONTALO,"96,69","96,64","96,86","96,48","97,10","94,88","96,06","96,02","97,10","97,74","98,46","99,17","96,93",Petani Tanaman Pangan
SULAWESI BARAT,"99,12","98,64","99,81","100,11","98,89","98,06","97,50","98,29","99,20","99,84","100,66","102,06","99,35",Petani Tanaman Pangan
MALUKU,"96,26","97,20","96,55","97,27","96,13","98,39","98,15","97,61","96,70","97,74","99,17","98,11","97,44",Petani Tanaman Pangan
MALUKU UTARA,"96,75","96,04","96,32","96,69","97,16","96,19","96,28","97,63","98,45","99,83","99,24","99,08","97,47",Petani Tanaman Pangan
PAPUA BARAT,"106,46","105,83","105,71","105,84","105,44","104,11","104,36","104,78","104,80","104,17","103,44","103,04","104,83",Petani Tanaman Pangan
PAPUA,"101,13","100,87","101,19","100,06","99,87","101,43","101,31","102,15","103,04","102,77","101,95","101,72","101,46",Petani Tanaman Pangan
INDONESIA,"104,21","103,76","102,41","100,93","100,38","100,42","100,17","100,63","101,53","101,43","100,89","100,34","101,43",Petani Tanaman Pangan
ACEH,"97,80","98,62","96,24","94,81","92,36","92,77","93,96","95,57","93,28","94,86","93,54","95,52","94,94",Petani Hortikultura
SUMATERA UTARA,"99,27","101,48","100,95","99,83","97,18","95,25","95,15","93,38","95,01","96,55","95,07","98,27","97,28",Petani Hortikultura
SUMATERA BARAT,"101,69","101,05","98,34","96,33","98,63","95,97","94,58","91,68","92,73","94,29","97,22","99,09","96,80",Petani Hortikultura
RIAU,"99,96","100,03","98,79","97,53","93,91","93,57","95,29","93,02","92,87","93,71","92,99","95,13","95,56",Petani Hortikultura
JAMBI,"102,80","105,69","101,89","98,03","94,08","96,65","99,63","98,32","100,79","103,99","102,67","105,99","100,88",Petani Hortikultura
SUMATERA SELATAN,"95,16","93,48","91,58","90,90","89,66","90,42","91,70","90,64","91,26","91,41","90,93","91,90","91,58",Petani Hortikultura
BENGKULU,"108,06","109,02","105,45","100,90","100,05","103,93","101,28","97,70","97,01","99,95","101,50","105,92","102,55",Petani Hortikultura
LAMPUNG,"98,99","97,20","96,55","94,91","94,14","96,26","96,18","94,19","94,82","96,30","96,99","99,60","96,34",Petani Hortikultura
KEP. BANGKA BELITUNG,"102,82","101,75","99,35","97,23","99,47","101,26","103,67","101,43","103,16","106,13","103,67","104,69","102,06",Petani Hortikultura
KEP. RIAU,"108,65","107,26","105,99","105,03","103,88","102,29","100,81","100,95","102,65","103,62","102,86","105,39","104,12",Petani Hortikultura
DKI JAKARTA,-,-,-,-,-,-,-,-,-,-,-,-,-,Petani Hortikultura
JAWA BARAT,"106,07","104,44","101,41","100,62","99,25","98,68","98,44","95,85","95,76","98,94","101,65","103,86","100,41",Petani Hortikultura
JAWA TENGAH,"107,83","106,28","108,18","107,46","109,88","108,80","107,05","105,00","104,69","106,96","109,10","107,06","107,36",Petani Hortikultura
DI YOGYAKARTA,"107,65","107,30","108,08","106,82","103,27","103,69","107,07","106,86","106,25","106,19","107,91","109,86","106,75",Petani Hortikultura
JAWA TIMUR,"107,10","104,94","103,44","100,41","97,96","94,91","93,62","90,97","89,27","92,79","95,70","97,82","97,40",Petani Hortikultura
BANTEN,"105,77","106,40","106,85","106,07","103,33","102,10","101,96","101,59","102,51","101,31","100,08","100,38","103,19",Petani Hortikultura
BALI,"97,42","98,67","97,63","96,98","94,71","93,47","92,54","90,50","91,17","91,23","93,39","96,56","94,52",Petani Hortikultura
NUSA TENGGARA BARAT,"108,64","111,89","108,92","111,35","110,92","106,85","105,48","103,67","101,87","103,85","107,89","110,99","107,69",Petani Hortikultura
NUSA TENGGARA TIMUR,"102,66","103,98","102,68","102,16","101,94","101,54","100,07","99,07","97,75","98,96","99,71","100,34","100,91",Petani Hortikultura
KALIMANTAN BARAT,"102,85","101,71","101,51","98,79","96,99","94,89","93,84","94,84","96,89","99,62","101,36","105,30","99,04",Petani Hortikultura
KALIMANTAN TENGAH,"102,01","101,50","101,35","101,80","100,81","99,30","99,83","97,88","95,73","93,63","95,35","97,42","98,88",Petani Hortikultura
KALIMANTAN SELATAN,"98,86","99,03","100,17","100,42","99,04","99,30","97,56","96,57","95,48","94,13","95,02","97,16","97,73",Petani Hortikultura
KALIMANTAN TIMUR,"105,92","107,48","108,21","106,90","106,78","106,03","105,92","104,30","102,63","100,71","102,28","105,26","105,20",Petani Hortikultura
KALIMANTAN UTARA,"95,60","94,83","94,38","95,47","95,91","96,28","96,13","95,36","95,48","95,15","95,51","95,07","95,43",Petani Hortikultura
SULAWESI UTARA,"99,26","100,24","101,73","103,70","101,40","103,36","106,19","103,37","100,99","103,10","104,44","100,26","102,34",Petani Hortikultura
SULAWESI TENGAH,"96,95","97,18","94,61","95,34","92,51","92,78","93,94","94,01","93,68","94,53","98,13","96,38","95,00",Petani Hortikultura
SULAWESI SELATAN,"113,50","114,74","110,72","106,59","108,67","107,52","105,56","103,36","100,79","98,97","101,36","103,80","106,28",Petani Hortikultura
SULAWESI TENGGARA,"103,45","103,36","101,55","99,59","99,43","98,23","100,19","101,44","102,39","102,66","103,00","104,74","101,67",Petani Hortikultura
GORONTALO,"104,36","104,59","103,22","106,68","102,14","104,37","101,56","105,75","107,18","110,76","110,65","106,20","105,62",Petani Hortikultura
SULAWESI BARAT,"105,18","104,84","105,76","108,68","110,90","112,21","109,56","111,80","111,69","113,56","114,35","110,99","109,98",Petani Hortikultura
MALUKU,"106,77","105,09","102,84","103,64","101,35","102,41","102,42","99,81","101,00","103,01","102,87","105,13","103,02",Petani Hortikultura
MALUKU UTARA,"93,51","94,26","92,55","93,63","92,08","91,96","94,31","93,49","92,32","91,62","92,34","90,39","92,70",Petani Hortikultura
PAPUA BARAT,"102,90","103,28","99,99","100,64","99,68","101,21","100,70","100,25","99,09","98,04","99,53","101,41","100,55",Petani Hortikultura
PAPUA,"95,58","95,41","95,31","97,68","99,98","102,54","103,26","101,50","100,19","99,35","99,96","101,24","99,34",Petani Hortikultura
INDONESIA,"105,17","104,32","103,50","102,28","101,68","100,51","99,77","97,80","97,38","99,42","101,27","102,29","101,28",Petani Hortikultura
ACEH,"104,69","100,71","102,32","97,91","94,72","97,93","95,80","98,68","99,59","99,37","100,69","97,62","99,17",Petani Tanaman Perkebunan
SUMATERA UTARA,"132,09","127,74","123,69","118,18","113,73","114,67","118,63","122,80","126,77","129,93","134,63","137,47","125,05",Petani Tanaman Perkebunan
SUMATERA BARAT,"107,40","104,59","102,64","98,25","94,45","97,10","98,63","102,84","106,41","108,24","111,82","113,73","103,86",Petani Tanaman Perkebunan
RIAU,"129,63","122,44","117,66","119,99","115,34","112,68","117,24","121,54","126,38","129,64","134,19","137,84","123,73",Petani Tanaman Perkebunan
JAMBI,"113,03","108,50","105,86","102,71","98,52","101,73","104,54","108,83","113,03","115,98","120,06","122,65","109,63",Petani Tanaman Perkebunan
SUMATERA SELATAN,"99,98","95,06","91,44","88,07","84,81","86,68","89,10","92,76","95,89","99,23","102,80","105,23","94,26",Petani Tanaman Perkebunan
BENGKULU,"121,16","117,02","113,17","112,87","108,84","109,85","113,68","118,32","122,75","123,37","126,17","129,06","118,04",Petani Tanaman Perkebunan
LAMPUNG,"95,74","94,55","93,25","89,58","86,47","87,04","89,12","92,20","95,60","96,42","98,93","99,79","93,23",Petani Tanaman Perkebunan
KEP. BANGKA BELITUNG,"106,40","106,54","103,38","100,35","95,89","94,49","97,63","102,28","105,92","109,22","112,92","115,84","104,25",Petani Tanaman Perkebunan
KEP. RIAU,"93,53","96,01","93,43","92,25","88,50","86,48","84,37","86,60","85,22","86,40","87,52","89,57","89,16",Petani Tanaman Perkebunan
DKI JAKARTA,-,-,-,-,-,-,-,-,-,-,-,-,-,Petani Tanaman Perkebunan
JAWA BARAT,"96,73","95,99","97,16","94,60","93,90","92,18","92,47","91,73","89,96","89,93","90,14","87,93","92,72",Petani Tanaman Perkebunan
JAWA TENGAH,"88,47","88,85","89,78","90,01","89,18","89,35","89,79","92,98","94,65","94,38","94,99","95,40","91,50",Petani Tanaman Perkebunan
DI YOGYAKARTA,"120,68","118,05","118,24","119,06","119,91","115,31","117,12","113,39","112,45","115,80","113,95","114,79","116,56",Petani Tanaman Perkebunan
JAWA TIMUR,"98,62","98,45","97,58","97,84","97,71","99,94","99,68","98,39","98,70","98,37","98,07","98,03","98,45",Petani Tanaman Perkebunan
BANTEN,"104,42","106,24","105,40","107,47","108,28","104,59","104,77","106,96","108,08","110,07","110,84","111,10","107,36",Petani Tanaman Perkebunan
BALI,"87,82","88,49","89,94","87,27","84,61","83,99","82,36","80,53","79,12","78,38","76,89","78,49","83,15",Petani Tanaman Perkebunan
NUSA TENGGARA BARAT,"96,68","97,12","97,49","97,49","97,65","97,55","97,21","96,37","95,97","93,76","93,21","92,59","96,09",Petani Tanaman Perkebunan
NUSA TENGGARA TIMUR,"93,09","92,13","91,27","90,54","90,27","92,11","94,17","94,71","94,81","96,24","95,91","95,65","93,41",Petani Tanaman Perkebunan
KALIMANTAN BARAT,"114,46","115,31","112,97","107,67","109,11","105,15","108,68","112,68","116,70","120,63","124,75","127,85","114,67",Petani Tanaman Perkebunan
KALIMANTAN TENGAH,"113,24","112,40","109,39","104,20","101,03","97,79","98,45","100,65","104,94","107,33","110,65","114,22","106,18",Petani Tanaman Perkebunan
KALIMANTAN SELATAN,"103,75","102,13","100,59","96,87","93,23","91,22","93,62","97,97","101,63","105,40","108,78","112,55","100,64",Petani Tanaman Perkebunan
KALIMANTAN TIMUR,"127,21","130,82","126,33","120,05","116,27","113,24","116,82","122,19","127,22","128,14","131,63","135,12","124,57",Petani Tanaman Perkebunan
KALIMANTAN UTARA,"115,81","120,06","115,85","111,99","109,51","105,85","109,24","112,64","113,58","116,43","120,38","121,28","114,38",Petani Tanaman Perkebunan
SULAWESI UTARA,"96,69","96,39","95,24","93,60","93,52","90,73","93,03","93,67","93,28","95,38","97,94","100,88","95,03",Petani Tanaman Perkebunan
SULAWESI TENGAH,"97,59","98,54","96,49","93,64","94,43","91,27","89,33","89,73","91,89","93,01","91,67","94,43","93,49",Petani Tanaman Perkebunan
SULAWESI SELATAN,"96,12","98,56","97,25","95,08","94,92","93,53","91,46","94,68","97,78","96,90","96,81","97,71","95,90",Petani Tanaman Perkebunan
SULAWESI TENGGARA,"93,41","93,67","95,00","92,11","92,49","92,77","89,59","90,90","93,25","93,91","93,32","94,13","92,87",Petani Tanaman Perkebunan
GORONTALO,"102,86","102,41","104,11","104,14","104,73","105,53","107,74","104,66","104,72","105,84","106,85","109,72","105,28",Petani Tanaman Perkebunan
SULAWESI BARAT,"119,06","123,96","120,40","117,72","113,45","109,41","110,33","115,24","119,80","123,51","125,64","129,03","118,97",Petani Tanaman Perkebunan
MALUKU,"96,20","95,06","94,94","92,57","92,09","92,47","91,71","90,70","90,75","91,72","93,12","94,42","92,97",Petani Tanaman Perkebunan
MALUKU UTARA,"98,52","97,94","99,09","96,01","96,37","95,14","95,68","95,95","95,83","96,38","96,75","98,00","96,80",Petani Tanaman Perkebunan
PAPUA BARAT,"96,48","96,46","97,26","96,69","96,88","97,23","97,50","97,59","95,23","95,19","97,79","100,51","97,07",Petani Tanaman Perkebunan
PAPUA,"95,15","97,35","97,73","98,95","98,82","101,20","101,65","102,14","101,72","101,42","101,91","102,51","100,05",Petani Tanaman Perkebunan
INDONESIA,"107,43","105,40","103,39","100,82","98,51","98,47","100,19","103,01","105,76","107,58","110,00","111,80","104,32",Petani Tanaman Perkebunan
ACEH,"96,71","96,36","96,38","97,48","97,69","98,16","98,45","97,29","97,29","97,10","97,56","96,75","97,27",Petani Peternakan
SUMATERA UTARA,"99,18","97,90","97,42","95,63","97,25","98,60","99,38","99,24","99,02","99,77","100,53","100,88","98,74",Petani Peternakan
SUMATERA BARAT,"100,12","100,03","100,32","100,87","99,90","102,05","104,14","103,99","102,75","103,40","104,54","105,74","102,31",Petani Peternakan
RIAU,"97,95","96,58","96,60","95,36","97,00","99,25","99,83","97,54","99,06","98,04","98,74","97,51","97,79",Petani Peternakan
JAMBI,"98,11","97,13","97,53","96,28","97,00","97,58","99,20","98,21","97,78","96,87","97,43","97,32","97,54",Petani Peternakan
SUMATERA SELATAN,"102,03","101,33","100,58","98,58","100,82","103,80","105,24","103,19","102,80","100,66","101,72","102,52","101,94",Petani Peternakan
BENGKULU,"97,78","97,56","96,73","96,24","96,86","97,20","99,52","97,57","97,69","96,70","96,23","95,69","97,15",Petani Peternakan
LAMPUNG,"100,14","99,58","99,02","96,67","98,29","99,19","101,80","100,59","100,12","99,02","99,88","100,30","99,55",Petani Peternakan
KEP. BANGKA BELITUNG,"100,17","99,47","97,74","95,27","96,81","99,27","100,66","100,38","101,22","101,81","103,18","105,33","100,11",Petani Peternakan
KEP. RIAU,"97,80","98,05","98,42","98,21","99,49","101,68","102,77","102,25","101,38","100,42","99,39","99,86","99,97",Petani Peternakan
DKI JAKARTA,-,-,-,-,-,-,-,-,-,-,-,-,-,Petani Peternakan
JAWA BARAT,"95,09","95,57","95,88","94,73","94,30","95,72","97,28","95,52","93,93","94,79","95,38","96,15","95,36",Petani Peternakan
JAWA TENGAH,"94,77","94,87","93,97","92,36","92,94","94,52","95,67","94,48","93,71","93,49","93,94","94,17","94,07",Petani Peternakan
DI YOGYAKARTA,"93,39","93,73","93,09","90,18","90,06","92,88","94,11","92,81","91,28","92,92","94,25","95,36","92,84",Petani Peternakan
JAWA TIMUR,"98,44","99,21","99,79","97,53","97,36","99,53","101,68","99,79","99,34","98,43","99,01","99,49","99,13",Petani Peternakan
BANTEN,"96,56","96,53","95,92","93,96","94,13","95,34","97,59","95,85","93,96","92,70","94,23","95,49","95,19",Petani Peternakan
BALI,"97,33","97,02","96,83","93,84","93,75","95,67","97,81","97,32","97,66","96,49","97,39","98,36","96,62",Petani Peternakan
NUSA TENGGARA BARAT,"106,80","107,26","106,81","105,95","106,47","108,00","110,30","109,13","109,11","108,36","108,28","107,33","107,82",Petani Peternakan
NUSA TENGGARA TIMUR,"103,61","103,57","102,85","102,47","102,29","102,67","103,10","102,75","102,37","102,12","102,33","102,60","102,73",Petani Peternakan
KALIMANTAN BARAT,"97,88","98,48","99,75","97,02","98,14","98,60","97,06","96,98","96,22","96,58","97,44","96,44","97,55",Petani Peternakan
KALIMANTAN TENGAH,"103,92","104,50","102,97","101,44","100,79","101,73","104,00","103,06","102,60","104,20","105,31","105,25","103,31",Petani Peternakan
KALIMANTAN SELATAN,"100,69","101,24","99,48","96,62","98,49","100,67","102,20","100,93","98,83","100,06","100,87","99,64","99,98",Petani Peternakan
KALIMANTAN TIMUR,"100,69","101,51","100,42","98,58","100,70","102,65","102,67","102,09","102,07","102,48","103,34","102,54","101,65",Petani Peternakan
KALIMANTAN UTARA,"105,28","103,80","104,09","102,61","101,55","101,11","101,72","102,68","103,11","103,75","104,41","104,40","103,21",Petani Peternakan
SULAWESI UTARA,"100,30","98,63","98,67","96,13","97,64","97,13","96,33","96,63","97,77","98,56","99,48","101,29","98,21",Petani Peternakan
SULAWESI TENGAH,"97,86","96,56","96,10","95,46","95,83","95,72","97,26","96,55","95,98","96,14","96,18","96,62","96,35",Petani Peternakan
SULAWESI SELATAN,"99,60","99,11","98,85","98,71","98,74","99,42","101,22","101,29","100,73","101,47","102,09","103,29","100,38",Petani Peternakan
SULAWESI TENGGARA,"102,07","101,68","101,38","100,44","101,17","101,70","104,16","103,00","103,12","103,79","103,37","103,71","102,47",Petani Peternakan
GORONTALO,"102,39","101,28","101,76","99,96","101,29","103,71","107,22","105,95","104,67","104,10","104,00","104,13","103,37",Petani Peternakan
SULAWESI BARAT,"100,05","99,65","99,38","98,11","97,28","98,25","100,04","99,22","98,48","97,94","97,58","97,87","98,65",Petani Peternakan
MALUKU,"102,39","100,97","99,65","98,67","99,17","98,73","101,63","100,79","100,31","100,03","99,20","100,53","100,17",Petani Peternakan
MALUKU UTARA,"94,91","93,66","93,68","93,00","94,64","93,69","96,13","94,60","94,87","95,39","96,22","95,97","94,73",Petani Peternakan
PAPUA BARAT,"103,58","103,41","103,32","103,45","104,21","104,36","105,36","105,31","104,51","105,63","105,72","105,76","104,56",Petani Peternakan
PAPUA,"109,25","108,85","108,77","108,27","107,95","108,04","108,16","109,10","108,45","108,55","107,45","107,25","108,34",Petani Peternakan
INDONESIA,"98,06","98,23","98,12","96,40","96,66","98,29","99,94","98,64","98,01","97,75","98,32","98,72","98,08",Petani Peternakan
ACEH,"95,28","96,62","97,74","95,77","94,90","94,91","96,23","97,96","99,56","99,69","99,85","101,25","97,49",Nelayan
SUMATERA UTARA,"100,90","98,91","98,26","96,34","96,47","98,28","99,99","100,60","101,19","100,86","100,89","101,51","99,52",Nelayan
SUMATERA BARAT,"96,99","96,75","97,61","96,28","95,06","96,95","98,70","97,88","99,15","100,17","100,83","100,78","98,10",Nelayan
RIAU,"99,85","98,52","97,81","98,75","99,75","99,25","99,43","99,48","100,09","100,35","100,37","100,21","99,49",Nelayan
JAMBI,"107,25","106,73","106,74","105,73","105,66","105,61","106,49","107,63","107,64","108,75","109,33","110,11","107,31",Nelayan
SUMATERA SELATAN,"101,92","99,95","101,35","99,60","98,83","99,04","100,60","99,72","100,83","99,71","100,39","102,33","100,36",Nelayan
BENGKULU,"91,89","90,23","91,63","92,67","93,78","92,85","93,10","94,71","96,01","96,96","98,07","99,59","94,31",Nelayan
LAMPUNG,"101,71","101,60","101,05","99,99","99,07","100,32","101,67","101,49","101,34","102,61","102,33","102,96","101,35",Nelayan
KEP. BANGKA BELITUNG,"108,19","106,61","105,67","103,08","102,93","104,21","105,96","106,99","106,66","104,75","104,57","107,16","105,56",Nelayan
KEP. RIAU,"103,59","102,39","103,21","100,55","99,25","100,10","102,03","103,87","105,38","105,57","107,72","109,07","103,56",Nelayan
DKI JAKARTA,"97,40","96,74","96,57","95,42","94,80","93,83","95,02","93,45","93,59","93,67","95,81","95,95","95,19",Nelayan
JAWA BARAT,"98,64","98,67","98,11","96,02","96,26","97,27","97,28","99,07","101,35","102,27","103,39","104,30","99,39",Nelayan
JAWA TENGAH,"104,02","102,39","101,95","99,59","100,67","99,32","101,27","102,89","103,89","104,24","105,12","107,18","102,71",Nelayan
DI YOGYAKARTA,"102,87","103,65","104,43","105,44","104,77","103,23","105,30","106,44","108,76","109,62","111,61","113,70","106,66",Nelayan
JAWA TIMUR,"98,51","97,14","96,86","94,26","93,90","95,43","95,04","95,25","95,41","95,72","95,48","96,26","95,77",Nelayan
BANTEN,"100,58","99,83","100,06","98,83","97,82","98,67","97,53","97,94","97,85","98,15","98,37","99,09","98,73",Nelayan
BALI,"100,18","98,95","99,76","98,49","98,66","99,40","99,58","98,79","100,02","100,06","97,90","99,47","99,27",Nelayan
NUSA TENGGARA BARAT,"102,03","100,40","101,09","101,09","102,92","104,65","106,90","105,21","107,01","108,50","109,06","109,80","104,89",Nelayan
NUSA TENGGARA TIMUR,"95,58","95,97","94,80","94,23","93,39","94,90","95,37","94,28","92,86","92,66","92,59","93,82","94,20",Nelayan
KALIMANTAN BARAT,"99,87","100,62","99,70","99,75","100,88","101,89","103,96","103,26","103,55","103,56","103,98","104,48","102,13",Nelayan
KALIMANTAN TENGAH,"103,31","103,32","103,52","102,21","102,80","102,40","102,52","101,32","102,52","101,62","101,77","101,27","102,38",Nelayan
KALIMANTAN SELATAN,"101,93","101,82","100,27","98,57","98,51","98,50","100,18","100,90","99,86","100,08","98,46","98,90","99,83",Nelayan
KALIMANTAN TIMUR,"104,28","103,96","102,85","104,04","104,27","102,99","102,70","102,70","102,01","102,71","103,04","102,46","103,17",Nelayan
KALIMANTAN UTARA,"105,33","103,16","104,46","102,02","101,00","102,50","103,88","103,88","102,74","101,15","102,55","101,48","102,84",Nelayan
SULAWESI UTARA,"104,24","101,69","101,28","98,88","99,44","98,90","99,13","101,63","100,81","100,19","100,54","103,26","100,83",Nelayan
SULAWESI TENGAH,"97,72","98,42","99,49","96,98","98,21","99,48","98,95","98,43","96,84","95,93","97,40","99,47","98,11",Nelayan
SULAWESI SELATAN,"100,08","98,42","97,30","95,94","97,46","97,99","99,85","100,78","101,81","101,27","101,12","103,64","99,64",Nelayan
SULAWESI TENGGARA,"97,23","97,00","95,92","94,67","95,58","96,92","98,56","99,12","98,36","98,17","98,63","99,29","97,45",Nelayan
GORONTALO,"99,05","97,95","98,81","96,15","97,23","95,58","94,49","95,10","93,68","91,76","90,24","92,79","95,23",Nelayan
SULAWESI BARAT,"100,25","99,97","101,26","98,93","99,32","100,43","100,24","97,71","97,96","97,68","97,27","99,74","99,23",Nelayan
MALUKU,"104,80","105,04","103,69","101,69","100,30","100,49","100,45","98,81","100,14","99,98","100,38","99,49","101,26",Nelayan
MALUKU UTARA,"101,46","100,25","99,01","97,58","96,56","95,22","94,56","95,91","95,80","95,96","96,69","98,54","97,29",Nelayan
PAPUA BARAT,"95,55","95,58","96,42","95,61","95,43","96,12","94,54","95,05","96,30","96,80","95,13","94,25","95,56",Nelayan
PAPUA,"111,86","110,41","109,65","108,82","109,24","108,89","109,79","110,76","111,12","111,30","111,72","112,69","110,52",Nelayan
INDONESIA,"101,11","100,31","100,05","98,49","98,69","99,22","100,01","100,38","100,72","100,73","100,97","102,00","100,22",Nelayan
ACEH,"94,98","94,44","94,65","95,04","94,68","94,18","92,64","94,52","94,45","95,58","97,96","99,73","95,24",Pembudidayaan Ikan
SUMATERA UTARA,"97,24","96,58","96,03","96,21","95,75","94,48","94,05","94,54","94,61","94,12","93,56","94,42","95,13",Pembudidayaan Ikan
SUMATERA BARAT,"94,93","93,94","93,67","93,43","93,02","92,56","92,34","90,48","89,55","90,26","88,92","89,29","91,86",Pembudidayaan Ikan
RIAU,"95,78","94,80","94,22","94,03","93,27","93,61","93,70","94,14","94,31","94,43","94,53","95,58","94,37",Pembudidayaan Ikan
JAMBI,"99,00","98,62","98,99","97,91","97,06","97,79","98,75","99,06","99,73","99,06","98,69","98,16","98,57",Pembudidayaan Ikan
SUMATERA SELATAN,"93,52","93,55","93,22","91,56","92,19","92,77","94,67","94,58","95,01","94,22","94,01","93,60","93,57",Pembudidayaan Ikan
BENGKULU,"102,24","102,42","101,15","99,57","99,32","100,43","101,26","101,55","100,93","99,13","97,50","98,71","100,34",Pembudidayaan Ikan
LAMPUNG,"101,17","101,28","99,90","98,05","100,26","100,89","99,82","99,31","101,15","100,21","101,01","101,44","100,38",Pembudidayaan Ikan
KEP. BANGKA BELITUNG,"98,20","97,60","98,08","97,13","96,00","94,48","94,34","94,24","93,56","93,50","93,99","94,10","95,43",Pembudidayaan Ikan
KEP. RIAU,"103,25","103,91","103,54","100,96","100,80","100,62","100,60","100,29","98,61","99,31","98,10","98,67","100,72",Pembudidayaan Ikan
DKI JAKARTA,"103,70","102,85","102,67","103,02","102,24","101,31","103,59","103,16","103,62","102,04","100,01","101,51","102,48",Pembudidayaan Ikan
JAWA BARAT,"103,53","104,47","104,93","103,47","103,93","103,29","103,39","102,93","102,30","104,08","102,05","103,50","103,49",Pembudidayaan Ikan
JAWA TENGAH,"108,90","109,09","107,99","105,34","106,53","105,83","107,46","109,67","110,39","111,36","109,68","109,88","108,51",Pembudidayaan Ikan
DI YOGYAKARTA,"95,60","94,31","94,24","93,99","94,18","95,28","96,74","95,68","97,05","98,01","97,71","95,98","95,73",Pembudidayaan Ikan
JAWA TIMUR,"101,20","99,23","98,07","96,01","96,98","97,84","99,26","98,70","98,01","99,37","99,58","100,64","98,74",Pembudidayaan Ikan
BANTEN,"100,03","98,72","97,86","96,78","98,29","98,00","96,85","96,81","96,52","96,53","96,29","97,88","97,54",Pembudidayaan Ikan
BALI,"102,95","102,68","103,35","100,38","100,36","100,86","101,57","102,29","103,21","102,14","103,52","105,17","102,38",Pembudidayaan Ikan
NUSA TENGGARA BARAT,"96,95","97,18","96,64","98,59","99,26","100,02","99,41","100,07","99,26","99,98","100,98","100,12","99,04",Pembudidayaan Ikan
NUSA TENGGARA TIMUR,"97,03","95,23","95,74","92,88","94,60","94,74","96,35","94,53","94,16","92,11","92,92","90,90","94,26",Pembudidayaan Ikan
KALIMANTAN BARAT,"103,20","103,37","103,43","101,85","102,55","102,55","102,78","102,83","102,96","102,67","102,71","101,36","102,69",Pembudidayaan Ikan
KALIMANTAN TENGAH,"100,58","100,14","100,63","99,75","99,65","99,69","99,40","99,74","99,03","99,24","100,00","101,10","99,91",Pembudidayaan Ikan
KALIMANTAN SELATAN,"102,88","102,63","101,73","99,14","100,61","100,17","100,51","98,34","98,14","98,09","98,50","99,33","100,00",Pembudidayaan Ikan
KALIMANTAN TIMUR,"102,03","100,48","100,97","102,57","102,16","101,34","100,53","102,99","103,95","103,30","100,84","102,79","101,99",Pembudidayaan Ikan
KALIMANTAN UTARA,"103,71","102,91","102,54","102,29","102,23","102,66","102,74","102,52","102,30","101,37","101,56","101,69","102,38",Pembudidayaan Ikan
SULAWESI UTARA,"101,14","99,25","99,68","99,48","97,40","97,60","99,77","100,99","100,06","98,02","98,00","98,21","99,13",Pembudidayaan Ikan
SULAWESI TENGAH,"101,21","100,10","101,26","98,71","99,00","99,96","100,23","99,21","99,48","100,44","100,72","99,75","100,00",Pembudidayaan Ikan
SULAWESI SELATAN,"97,47","97,11","96,46","93,59","94,77","96,24","95,97","96,54","95,61","95,81","96,59","96,52","96,06",Pembudidayaan Ikan
SULAWESI TENGGARA,"100,83","99,37","98,69","96,76","96,74","97,82","99,07","99,53","99,19","97,88","99,18","101,20","98,86",Pembudidayaan Ikan
GORONTALO,"99,48","100,22","99,70","99,16","99,66","98,59","99,37","97,93","96,08","96,65","96,26","98,75","98,49",Pembudidayaan Ikan
SULAWESI BARAT,"101,44","99,77","100,92","97,99","99,15","99,05","99,12","96,53","99,02","97,55","98,71","98,86","99,00",Pembudidayaan Ikan
MALUKU,"103,58","101,18","99,59","97,27","98,89","97,43","99,25","97,71","95,23","93,01","91,73","90,14","97,07",Pembudidayaan Ikan
MALUKU UTARA,"100,93","100,64","100,31","99,71","100,43","99,83","99,58","99,00","100,59","102,50","102,24","102,42","100,68",Pembudidayaan Ikan
PAPUA BARAT,"99,13","98,45","98,61","98,11","98,27","97,87","98,67","98,98","99,06","98,44","98,28","98,06","98,49",Pembudidayaan Ikan
PAPUA,"100,82","101,96","101,91","102,61","100,86","101,61","102,95","101,43","102,42","103,14","102,21","103,19","102,09",Pembudidayaan Ikan
INDONESIA,"101,62","101,17","100,67","99,02","99,76","99,88","100,40","100,59","100,51","101,09","100,65","101,24","100,55",Pembudidayaan Ikan
ACEH,"95,17","95,79","96,56","95,49","94,82","94,63","94,87","96,65","97,62","98,13","99,13","100,67","96,63",Nelayan dan Pembudidayaan Ikan
SUMATERA UTARA,"100,12","98,41","97,79","96,31","96,31","97,47","98,72","99,30","99,78","99,42","99,32","100,00","98,58",Nelayan dan Pembudidayaan Ikan
SUMATERA BARAT,"95,82","95,16","95,37","94,66","93,90","94,46","95,08","93,67","93,68","94,54","94,05","94,25","94,55",Nelayan dan Pembudidayaan Ikan
RIAU,"98,89","97,64","96,96","97,63","98,21","97,91","98,07","98,21","98,72","98,95","98,98","99,11","98,27",Nelayan dan Pembudidayaan Ikan
JAMBI,"105,36","104,87","104,96","103,93","103,68","103,81","104,71","105,66","105,82","106,53","106,89","107,37","105,30",Nelayan dan Pembudidayaan Ikan
SUMATERA SELATAN,"98,34","97,22","97,88","96,17","96,00","96,37","98,08","97,54","98,36","97,37","97,68","98,61","97,47",Nelayan dan Pembudidayaan Ikan
BENGKULU,"95,90","94,98","95,35","95,37","95,95","95,80","96,28","97,38","97,94","97,81","97,85","99,25","96,66",Nelayan dan Pembudidayaan Ikan
LAMPUNG,"101,37","101,40","100,32","98,75","99,83","100,69","100,49","100,10","101,22","101,08","101,49","101,99","100,73",Nelayan dan Pembudidayaan Ikan
KEP. BANGKA BELITUNG,"107,86","106,31","105,42","102,89","102,70","103,89","105,57","106,57","106,22","104,37","104,22","106,73","105,23",Nelayan dan Pembudidayaan Ikan
KEP. RIAU,"103,57","102,47","103,23","100,57","99,33","100,13","101,96","103,68","105,02","105,25","107,22","108,53","103,41",Nelayan dan Pembudidayaan Ikan
DKI JAKARTA,"101,17","100,40","100,22","99,97","99,25","98,30","100,14","99,25","99,58","98,67","98,32","99,28","99,55",Nelayan dan Pembudidayaan Ikan
JAWA BARAT,"102,17","102,86","103,03","101,40","101,80","101,61","101,69","101,86","102,03","103,58","102,42","103,72","102,35",Nelayan dan Pembudidayaan Ikan
JAWA TENGAH,"106,83","106,24","105,42","102,90","104,04","103,07","104,83","106,79","107,64","108,34","107,75","108,74","106,05",Nelayan dan Pembudidayaan Ikan
DI YOGYAKARTA,"95,96","94,77","94,74","94,55","94,70","95,67","97,16","96,21","97,62","98,57","98,39","96,85","96,27",Nelayan dan Pembudidayaan Ikan
JAWA TIMUR,"99,96","98,27","97,51","95,21","95,56","96,73","97,31","97,11","96,81","97,69","97,69","98,62","97,37",Nelayan dan Pembudidayaan Ikan
BANTEN,"100,42","99,50","99,40","98,22","97,96","98,47","97,33","97,60","97,45","97,67","97,75","98,73","98,37",Nelayan dan Pembudidayaan Ikan
BALI,"100,49","99,37","100,16","98,70","98,85","99,57","99,80","99,18","100,38","100,30","98,52","100,11","99,62",Nelayan dan Pembudidayaan Ikan
NUSA TENGGARA BARAT,"100,88","99,67","100,08","100,53","102,09","103,60","105,19","104,05","105,25","106,56","107,23","107,61","103,56",Nelayan dan Pembudidayaan Ikan
NUSA TENGGARA TIMUR,"95,94","95,79","95,03","93,89","93,69","94,86","95,61","94,34","93,18","92,52","92,67","93,10","94,22",Nelayan dan Pembudidayaan Ikan
KALIMANTAN BARAT,"100,48","101,13","100,39","100,13","101,19","102,01","103,74","103,18","103,45","103,40","103,75","103,90","102,23",Nelayan dan Pembudidayaan Ikan
KALIMANTAN TENGAH,"102,79","102,71","102,97","101,74","102,19","101,88","101,92","101,02","101,85","101,16","101,43","101,24","101,91",Nelayan dan Pembudidayaan Ikan
KALIMANTAN SELATAN,"102,13","101,99","100,57","98,69","98,94","98,84","100,25","100,37","99,50","99,67","98,47","98,99","99,86",Nelayan dan Pembudidayaan Ikan
KALIMANTAN TIMUR,"103,55","102,83","102,24","103,56","103,59","102,46","102,00","102,79","102,64","102,90","102,33","102,57","102,79",Nelayan dan Pembudidayaan Ikan
KALIMANTAN UTARA,"104,53","103,04","103,52","102,15","101,60","102,58","103,32","103,21","102,53","101,25","102,07","101,58","102,61",Nelayan dan Pembudidayaan Ikan
SULAWESI UTARA,"103,98","101,49","101,15","98,93","99,27","98,79","99,18","101,58","100,75","100,01","100,33","102,84","100,69",Nelayan dan Pembudidayaan Ikan
SULAWESI TENGAH,"97,99","98,55","99,63","97,12","98,27","99,51","99,05","98,49","97,04","96,28","97,66","99,49","98,26",Nelayan dan Pembudidayaan Ikan
SULAWESI SELATAN,"98,55","97,65","96,81","94,56","95,88","96,96","97,57","98,29","98,17","98,07","98,46","99,46","97,54",Nelayan dan Pembudidayaan Ikan
SULAWESI TENGGARA,"97,99","97,51","96,51","95,12","95,82","97,11","98,67","99,21","98,53","98,10","98,74","99,70","97,75",Nelayan dan Pembudidayaan Ikan
GORONTALO,"99,09","98,17","98,89","96,43","97,46","95,86","94,94","95,37","93,90","92,22","90,80","93,35","95,53",Nelayan dan Pembudidayaan Ikan
SULAWESI BARAT,"100,50","99,93","101,19","98,74","99,28","100,14","100,01","97,47","98,17","97,66","97,56","99,56","99,18",Nelayan dan Pembudidayaan Ikan
MALUKU,"104,69","104,70","103,33","101,31","100,18","100,22","100,34","98,72","99,71","99,37","99,64","98,68","100,90",Nelayan dan Pembudidayaan Ikan
MALUKU UTARA,"101,46","100,26","99,03","97,60","96,59","95,27","94,61","95,94","95,84","96,02","96,74","98,58","97,32",Nelayan dan Pembudidayaan Ikan
PAPUA BARAT,"95,71","95,71","96,52","95,73","95,55","96,19","94,72","95,23","96,43","96,87","95,27","94,42","95,70",Nelayan dan Pembudidayaan Ikan
PAPUA,"111,24","109,93","109,21","108,47","108,77","108,48","109,41","110,23","110,62","110,84","111,18","112,16","110,04",Nelayan dan Pembudidayaan Ikan
INDONESIA,"101,31","100,65","100,30","98,70","99,11","99,48","100,17","100,47","100,65","100,89","100,86","101,72","100,35",Nelayan dan Pembudidayaan Ikan
